record_id,family,carrier
CameraTakePhoto__mav3__20260509_170346,mav3,file-system
ExtAA106__mav3__20260514_154846,mav3,other
ExtAW004__appagent__20260517_132118,appagent,other
ExtAW005__mav3__20260511_203815,mav3,other
ExtAW042__appagent__20260512_103113,appagent,other
ExtAW059__mav3__20260514_223803,mav3,other
ExtAW135__appagent__20260512_163851,appagent,other
ExtAW164__appagent__20260516_195704,appagent,other
ExtTH020__appagent__20260512_214453,appagent,other
ExtTH020__mav3__20260514_030123,mav3,other
ExtTH068__appagent__20260513_083736,appagent,other
OrigAW010__mav3__20260515_003414,mav3,other
OrigAW014__appagent__20260517_141439,appagent,other
RecipeDeleteDuplicateRecipes3__appagent__20260509_005012,appagent,delete-vacuous
RecipeDeleteDuplicateRecipes__appagent__20260509_004603,appagent,delete-vacuous
SimpleCalendarAddRepeatingEvent__mav3__20260510_103200,mav3,render/list
